Workbook

Sheet README
A1: EPIC-AMP Peptide-Docking Benchmark - Data Snapshot
A3: Generated 2026-09-05 01:24 UTC
A5: Sheets:
A6: Targets every target considered (30): included, dropped, and why
A7: DockQ Results raw per-(method, target) DockQ scores (results/summary.csv)
A8: By Method per-method aggregate stats, computed live from DockQ Results
A9: By Target target x method matrix of best-pose DockQ, computed live
A10: Discovery Candidates all 77 candidates from the RCSB expansion sweep + decision
A12: Source of truth for the target list: configs/targets.yaml
A13: Source of truth for results: results/summary.csv (regenerate via pipeline/run_dockq.py)
A14: This file is a snapshot for review/sharing -- re-run the pipeline and rebuild this
A15: workbook rather than hand-editing it.

Sheet Targets
A1: pdb_id | B1: source | C1: tier | D1: quality | E1: include | F1: topology | G1: receptor_chains | H1: peptide_chains | I1: peptide_length | J1: peptide_length_source | K1: peptide_resolved | L1: pep_nonstd | M1: native_source | N1: notes
A2: 6HY2 | B2: AMP data edited.xlsx | C2: 1 | D2: ok | E2: TRUE | F2: linear | G2: X | H2: A | I2: 12 | J2: user_supplied | K2: 12/12 | M2: assembly1 | N2: Phase-1 pilot. DiffPepBuilder preprocess_utils CA-atom patch applied for this entry.
A3: 4EZS | B3: AMP data edited.xlsx | C3: 1 | D3: ok | E3: TRUE | F3: linear | G3: A | H3: B | I3: 8 | J3: user_supplied | K3: 8/8 | M3: assembly1 | N3: Receptor = DnaK chaperone (E. coli); peptide = Metchnikowin (Drosophila).
A4: 8GAL | B4: AMP data edited.xlsx | C4: 3 | D4: ok | E4: TRUE | F4: linear | G4: A,C | H4: B,D | I4: 20 | J4: user_supplied | K4: 18/20 | M4: assembly1 | N4: Receptor = LptA (E. coli); peptide = Thanatin. Two receptor+peptide copies (A/B and C/D); keep A/B.
A5: 6Z2P | B5: AMP data edited.xlsx | C5: 2 | D5: caution | E5: TRUE | F5: linear | G5: A | H5: C | I5: 19 | J5: user_supplied | K5: 10/19 | M5: assembly1 | N5: Receptor = O-glycan protease (Akkermansia); peptide = Glycodrosocin. Only the central 10 aa (RPYSPRPTSH) ordered. Paired with dropped 6Z2Q. Report with asterisk; verify the ordered stretch covers the interface.
A6: 4JWC | B6: AMP data edited.xlsx | C6: 3 | D6: caution | E6: TRUE | F6: linear | G6: A,B | H6: C,D | I6: 16 | J6: user_supplied | K6: 9/16 | M6: assembly1 | N6: Receptor = DnaK (E. coli); peptide = Cathelicidin-3/Bac7-type (Bos taurus). Shares system with 4JWD. 56% of peptide ordered; report with asterisk.
A7: 4JWD | B7: AMP data edited.xlsx | C7: 3 | D7: caution | E7: TRUE | F7: linear | G7: A,B | H7: C,D | I7: 14 | J7: user_supplied | K7: 7/14 | M7: assembly1 | N7: Receptor = DnaK (E. coli); peptide = Cathelicidin-3 fragment (Bos taurus). Shares system with 4JWC. 50% of peptide ordered; report with asterisk.
A8: 4EZR | B8: rcsb_discovery | C8: 1 | D8: ok | E8: TRUE | F8: linear | G8: A | H8: B | I8: 8 | J8: rcsb_seqres | K8: 8/8 | M8: assembly1 | N8: Receptor = DnaK chaperone (E. coli, same family as 4EZS/4JWC/4JWD/4JWI/4EZU/4EZQ/4EZO); peptide = Drosocin.
A9: 4E81 | B9: rcsb_discovery | C9: 1 | D9: ok | E9: TRUE | F9: linear | G9: A | H9: C | I9: 10 | J9: rcsb_seqres | K9: 9/10 | M9: assembly1 | N9: Receptor = DnaK (E. coli); peptide = Apidaecin fragment. Near-duplicate 4F00 (same complex, slightly lower resolved fraction) skipped as redundant.
A10: 4EZU | B10: rcsb_discovery | C10: 2 | D10: ok | E10: TRUE | F10: linear | G10: A | H10: B | I10: 17 | J10: rcsb_seqres | K10: 14/17 | M10: assembly1 | N10: Receptor = DnaK (E. coli); peptide = proline-rich bombesin-related peptide. Near-duplicate 4EZV (caution, same complex) skipped as redundant.
A11: 4EZQ | B11: rcsb_discovery | C11: 1 | D11: caution | E11: TRUE | F11: linear | G11: A | H11: B | I11: 9 | J11: rcsb_seqres | K11: 7/9 | M11: assembly1 | N11: Receptor = DnaK (E. coli); peptide = Pyrrhocoricin. 78% peptide resolved; report with asterisk.
A12: 4EZO | B12: rcsb_discovery | C12: 2 | D12: caution | E12: TRUE | F12: linear | G12: A | H12: C | I12: 15 | J12: rcsb_seqres | K12: 8/15 | M12: assembly1 | N12: Receptor = DnaK (E. coli); peptide = PR-39 antibacterial protein. 53% peptide resolved; report with asterisk.
A13: 2HD4 | B13: rcsb_discovery | C13: 1 | D13: ok | E13: TRUE | F13: linear | G13: A | H13: B | I13: 8 | J13: rcsb_seqres | K13: 8/8 | M13: assembly1 | N13: Receptor = Proteinase K; peptide = 8-mer fragment of Lactotransferrin (lactoferricin-related). CAVEAT: receptor is a generic protease used for the crystallography, not a natural AMP-resistance/uptake target -- included for peptide diversity, weigh accordingly.
... A23: 6Y0X | B23: AMP data edited.xlsx | C23: 4 | D23: drop | E23: FALSE | F23: unknown | G23: A,B,C,D,E | H23: I,K,R | I23: 12 | J23: user_supplied | K23: 5/12 | M23: assembly1 | N23: DROP (disordered): 5 receptor chains, 3 peptide copies, flagged 'cyclic' in AMPs.xlsx, only 5/12 ordered. Multiple disqualifiers.
A24: 6Q6W | B24: AMP data edited.xlsx | C24: 1 | D24: drop | E24: FALSE | F24: linear | G24: A | H24: B | I24: 12 | J24: user_supplied | K24: 12/12 | L24: DAL;DLE;DLY;DTY | M24: assembly1 | N24: DROP (D-peptide): receptor = LecB fucose-binding lectin (P. aeruginosa); peptide 'SB5' is a fully D-amino-acid synthetic construct (D-Ala/D-Leu/D-Lys/D-Tyr). Sequence-only predictors can only build the L-enantiomer -- not comparable.
A25: 6Q77 | B25: AMP data edited.xlsx | C25: 1 | D25: drop | E25: FALSE | F25: linear | G25: A | H25: B | I25: 8 | J25: user_supplied | K25: 8/8 | L25: DAL;DLE;DLY | M25: assembly1 | N25: DROP (D-peptide): same LecB receptor; peptide 'SB12' fully D (LKALKKLA, all D). Crashed DockQ (Bio.PDB drops the all-nonstandard chain -> KeyError) during pipeline validation.
A26: 6Q85 | B26: AMP data edited.xlsx | C26: 3 | D26: drop | E26: FALSE | F26: linear | G26: A,B,C,D | H26: E,F,G,H | I26: 12 | J26: user_supplied | K26: 12/12 | L26: DAL;DLE;DLY;DTY | M26: assembly1 | N26: DROP (D-peptide): same LecB receptor; peptide 'SB11' fully D. Also 4 receptor+peptide copies.
A27: 6Q86 | B27: AMP data edited.xlsx | C27: 3 | D27: drop | E27: FALSE | F27: linear | G27: A,B | H27: C,D | I27: 13 | J27: user_supplied | K27: 13/13 | L27: DAL;DLE;DLY;DTY | M27: assembly1 | N27: DROP (D-peptide): same LecB receptor; peptide 'SB4' fully D. Crashed DockQ during pipeline validation (KeyError, same as 6Q77).
A28: 6Y0W | B28: AMP data edited.xlsx | C28: 3 | D28: drop | E28: FALSE | F28: unknown | G28: A,B | H28: C,D | I28: 14 | J28: user_supplied | K28: 13/14 | L28: DAL;DHI;DLE;DLY;DPN;DTR;DTY | M28: assembly1 | N28: DROP (D-peptide): same LecB receptor; peptide 'cFucRH46D' fully D (7 distinct D-residue types) plus an X in the sequence. Most heavily D-substituted of the set.
A29: 8ONU | B29: AMP data edited.xlsx | C29: 2 | D29: drop | E29: FALSE | F29: unknown | G29: A | H29: B | I29: 16 | J29: user_supplied | K29: 13/16 | L29: DAB;HYP | M29: assembly1 | N29: DROP (non-standard residues): receptor = LptA (E. coli); peptide is a Thanatin-like derivative containing DAB (2,4-diaminobutyric acid, non-proteinogenic) and HYP (hydroxyproline). RCSB sequence is 'VPITYXNRATXKCARY' -- literal X characters were being written into every tool's input file.
A30: 4JWI | B30: rcsb_discovery | C30: 1 | D30: drop | E30: FALSE | F30: linear | G30: A | H30: C | I30: 10 | J30: rcsb_seqres | K30: 8/10 | M30: assembly1 | N30: DROP (unencodable residue): receptor = DnaK (E. coli); peptide 'PRPILLPWRX' -- literal X at the C-terminus (likely a modified/amidated residue with no one-letter code).
A31: 7NEF | B31: rcsb_discovery | C31: 1 | D31: drop | E31: FALSE | F31: linear | G31: A | H31: I | I31: 12 | J31: rcsb_seqres | K31: 11/12 | M31: assembly1 | N31: DROP (unencodable residue): receptor = LecB fucose-binding lectin (P. aeruginosa) -- same receptor as the 5 dropped D-peptide targets. Peptide 'KKLLKLLKLLLX' -- literal X at the C-terminus, same pattern as its D-peptide sibling 7NEW. Confirms it's part of the same synthetic-peptide series, not a usable L-control.

Sheet DockQ Results
A1: method | B1: pdb_id | C1: tier | D1: quality | E1: topology | F1: rank | G1: dockq | H1: capri_class | I1: irmsd | J1: lrmsd | K1: fnat | L1: fnonnat | M1: f1 | N1: clashes | O1: pep_len_model | P1: pep_len_native | Q1: mapping | R1: model_file | S1: native_file | T1: note | U1: _key
A2: af3 | B2: 4EZS | C2: 1 | D2: ok | E2: linear | F2: best | G2: 0.2872 | H2: acceptable | I2: 3.009 | J2: 8.867 | K2: 0.184 | L2: 0.804 | M2: 0.189 | N2: 0 | O2: 8 | P2: 8 | Q2: AB:AB | R2: predictions\af3\4EZS.pdb | S2: data\natives\4EZS_native.pdb | U2: =A2&"|"&B2
A3: af3 | B3: 6HY2 | C3: 1 | D3: ok | E3: linear | F3: best | G3: 0.2886 | H3: acceptable | I3: 3.275 | J3: 7.42 | K3: 0.125 | L3: 0.844 | M3: 0.139 | N3: 0 | O3: 12 | P3: 12 | Q3: XA:XA | R3: predictions\af3\6HY2.pdb | S3: data\natives\6HY2_native.pdb | U3: =A3&"|"&B3
A4: boltz | B4: 6HY2 | C4: 1 | D4: ok | E4: linear | F4: best | G4: 0.9276 | H4: high | I4: 0.507 | J4: 1.033 | K4: 0.9 | L4: 0.053 | M4: 0.923 | N4: 0 | O4: 12 | P4: 12 | Q4: XA:XA | R4: predictions\boltz\6HY2.pdb | S4: data\natives\6HY2_native.pdb | U4: =A4&"|"&B4
A5: chai | B5: 4EZS | C5: 1 | D5: ok | E5: linear | F5: best | G5: 0.3752 | H5: acceptable | I5: 2.321 | J5: 7.449 | K5: 0.265 | L5: 0.675 | M5: 0.292 | N5: 0 | O5: 8 | P5: 8 | Q5: AB:AB | R5: predictions\chai\4EZS.pdb | S5: data\natives\4EZS_native.pdb | U5: =A5&"|"&B5
A6: chai | B6: 6HY2 | C6: 1 | D6: ok | E6: linear | F6: best | G6: 0.2059 | H6: incorrect | I6: 4.578 | J6: 12.369 | K6: 0.2 | L6: 0.667 | M6: 0.25 | N6: 0 | O6: 12 | P6: 12 | Q6: XA:XA | R6: predictions\chai\6HY2.pdb | S6: data\natives\6HY2_native.pdb | U6: =A6&"|"&B6
A7: protenix | B7: 4EZS | C7: 1 | D7: ok | E7: linear | F7: best | G7: 0.9254 | H7: high | I7: 0.664 | J7: 1.183 | K7: 0.959 | L7: 0.078 | M7: 0.94 | N7: 0 | O7: 8 | P7: 8 | Q7: AB:AB | R7: predictions\protenix\4EZS.pdb | S7: data\natives\4EZS_native.pdb | U7: =A7&"|"&B7
A8: protenix | B8: 6HY2 | C8: 1 | D8: ok | E8: linear | F8: best | G8: 0.6853 | H8: medium | I8: 1.464 | J8: 3.657 | K8: 0.7 | L8: 0.2 | M8: 0.747 | N8: 1 | O8: 12 | P8: 12 | Q8: XA:XA | R8: predictions\protenix\6HY2.pdb | S8: data\natives\6HY2_native.pdb | U8: =A8&"|"&B8
A9: afmultimer | B9: 6Z2P | C9: 2 | D9: caution | E9: linear | F9: best | G9: 0.1705 | H9: incorrect | I9: 4.887 | J9: 14.387 | K9: 0.167 | L9: 0.895 | M9: 0.129 | N9: 4 | O9: 10 | P9: 19 | Q9: AC:AC | R9: predictions\afmultimer\6Z2P.pdb | S9: data\natives\6Z2P_native.pdb | U9: =A9&"|"&B9
A10: afmultimer | B10: 8GAL | C10: 3 | D10: ok | E10: linear | F10: best | G10: 0.7462 | H10: medium | I10: 0.88 | J10: 5.737 | K10: 0.808 | L10: 0.16 | M10: 0.824 | N10: 0 | O10: 18 | P10: 20 | Q10: AB:AB | R10: predictions\afmultimer\8GAL.pdb | S10: data\natives\8GAL_native.pdb | U10: =A10&"|"&B10

Sheet By Method
A1: method | B1: n_scored | C1: n_error | D1: dockq_mean | E1: pct_acceptable_ge_0.23 | F1: pct_medium_ge_0.49 | G1: pct_high_ge_0.80 | H1: mean_irmsd | I1: mean_fnat
A2: af3 | B2: =COUNTIFS('DockQ Results'!$A$2:$A$10,A2,'DockQ Results'!$G$2:$G$10,"<>") | C2: =COUNTIFS('DockQ Results'!$A$2:$A$10,A2,'DockQ Results'!$T$2:$T$10,"ERROR*") | D2: =IFERROR(AVERAGEIFS('DockQ Results'!$G$2:$G$10,'DockQ Results'!$A$2:$A$10,A2,'DockQ Results'!$G$2:$G$10,"<>"),"") | E2: =IFERROR(COUNTIFS('DockQ Results'!$A$2:$A$10,A2,'DockQ Results'!$G$2:$G$10,">=0.23")/B2,"") | F2: =IFERROR(COUNTIFS('DockQ Results'!$A$2:$A$10,A2,'DockQ Results'!$G$2:$G$10,">=0.49")/B2,"") | G2: =IFERROR(COUNTIFS('DockQ Results'!$A$2:$A$10,A2,'DockQ Results'!$G$2:$G$10,">=0.80")/B2,"") | H2: =IFERROR(AVERAGEIFS('DockQ Results'!$I$2:$I$10,'DockQ Results'!$A$2:$A$10,A2,'DockQ Results'!$G$2:$G$10,"<>"),"") | I2: =IFERROR(AVERAGEIFS('DockQ Results'!$K$2:$K$10,'DockQ Results'!$A$2:$A$10,A2,'DockQ Results'!$G$2:$G$10,"<>"),"")
A3: afmultimer | B3: =COUNTIFS('DockQ Results'!$A$2:$A$10,A3,'DockQ Results'!$G$2:$G$10,"<>") | C3: =COUNTIFS('DockQ Results'!$A$2:$A$10,A3,'DockQ Results'!$T$2:$T$10,"ERROR*") | D3: =IFERROR(AVERAGEIFS('DockQ Results'!$G$2:$G$10,'DockQ Results'!$A$2:$A$10,A3,'DockQ Results'!$G$2:$G$10,"<>"),"") | E3: =IFERROR(COUNTIFS('DockQ Results'!$A$2:$A$10,A3,'DockQ Results'!$G$2:$G$10,">=0.23")/B3,"") | F3: =IFERROR(COUNTIFS('DockQ Results'!$A$2:$A$10,A3,'DockQ Results'!$G$2:$G$10,">=0.49")/B3,"") | G3: =IFERROR(COUNTIFS('DockQ Results'!$A$2:$A$10,A3,'DockQ Results'!$G$2:$G$10,">=0.80")/B3,"") | H3: =IFERROR(AVERAGEIFS('DockQ Results'!$I$2:$I$10,'DockQ Results'!$A$2:$A$10,A3,'DockQ Results'!$G$2:$G$10,"<>"),"") | I3: =IFERROR(AVERAGEIFS('DockQ Results'!$K$2:$K$10,'DockQ Results'!$A$2:$A$10,A3,'DockQ Results'!$G$2:$G$10,"<>"),"")
A4: boltz | B4: =COUNTIFS('DockQ Results'!$A$2:$A$10,A4,'DockQ Results'!$G$2:$G$10,"<>") | C4: =COUNTIFS('DockQ Results'!$A$2:$A$10,A4,'DockQ Results'!$T$2:$T$10,"ERROR*") | D4: =IFERROR(AVERAGEIFS('DockQ Results'!$G$2:$G$10,'DockQ Results'!$A$2:$A$10,A4,'DockQ Results'!$G$2:$G$10,"<>"),"") | E4: =IFERROR(COUNTIFS('DockQ Results'!$A$2:$A$10,A4,'DockQ Results'!$G$2:$G$10,">=0.23")/B4,"") | F4: =IFERROR(COUNTIFS('DockQ Results'!$A$2:$A$10,A4,'DockQ Results'!$G$2:$G$10,">=0.49")/B4,"") | G4: =IFERROR(COUNTIFS('DockQ Results'!$A$2:$A$10,A4,'DockQ Results'!$G$2:$G$10,">=0.80")/B4,"") | H4: =IFERROR(AVERAGEIFS('DockQ Results'!$I$2:$I$10,'DockQ Results'!$A$2:$A$10,A4,'DockQ Results'!$G$2:$G$10,"<>"),"") | I4: =IFERROR(AVERAGEIFS('DockQ Results'!$K$2:$K$10,'DockQ Results'!$A$2:$A$10,A4,'DockQ Results'!$G$2:$G$10,"<>"),"")
A5: chai | B5: =COUNTIFS('DockQ Results'!$A$2:$A$10,A5,'DockQ Results'!$G$2:$G$10,"<>") | C5: =COUNTIFS('DockQ Results'!$A$2:$A$10,A5,'DockQ Results'!$T$2:$T$10,"ERROR*") | D5: =IFERROR(AVERAGEIFS('DockQ Results'!$G$2:$G$10,'DockQ Results'!$A$2:$A$10,A5,'DockQ Results'!$G$2:$G$10,"<>"),"") | E5: =IFERROR(COUNTIFS('DockQ Results'!$A$2:$A$10,A5,'DockQ Results'!$G$2:$G$10,">=0.23")/B5,"") | F5: =IFERROR(COUNTIFS('DockQ Results'!$A$2:$A$10,A5,'DockQ Results'!$G$2:$G$10,">=0.49")/B5,"") | G5: =IFERROR(COUNTIFS('DockQ Results'!$A$2:$A$10,A5,'DockQ Results'!$G$2:$G$10,">=0.80")/B5,"") | H5: =IFERROR(AVERAGEIFS('DockQ Results'!$I$2:$I$10,'DockQ Results'!$A$2:$A$10,A5,'DockQ Results'!$G$2:$G$10,"<>"),"") | I5: =IFERROR(AVERAGEIFS('DockQ Results'!$K$2:$K$10,'DockQ Results'!$A$2:$A$10,A5,'DockQ Results'!$G$2:$G$10,"<>"),"")
A6: protenix | B6: =COUNTIFS('DockQ Results'!$A$2:$A$10,A6,'DockQ Results'!$G$2:$G$10,"<>") | C6: =COUNTIFS('DockQ Results'!$A$2:$A$10,A6,'DockQ Results'!$T$2:$T$10,"ERROR*") | D6: =IFERROR(AVERAGEIFS('DockQ Results'!$G$2:$G$10,'DockQ Results'!$A$2:$A$10,A6,'DockQ Results'!$G$2:$G$10,"<>"),"") | E6: =IFERROR(COUNTIFS('DockQ Results'!$A$2:$A$10,A6,'DockQ Results'!$G$2:$G$10,">=0.23")/B6,"") | F6: =IFERROR(COUNTIFS('DockQ Results'!$A$2:$A$10,A6,'DockQ Results'!$G$2:$G$10,">=0.49")/B6,"") | G6: =IFERROR(COUNTIFS('DockQ Results'!$A$2:$A$10,A6,'DockQ Results'!$G$2:$G$10,">=0.80")/B6,"") | H6: =IFERROR(AVERAGEIFS('DockQ Results'!$I$2:$I$10,'DockQ Results'!$A$2:$A$10,A6,'DockQ Results'!$G$2:$G$10,"<>"),"") | I6: =IFERROR(AVERAGEIFS('DockQ Results'!$K$2:$K$10,'DockQ Results'!$A$2:$A$10,A6,'DockQ Results'!$G$2:$G$10,"<>"),"")

Sheet By Target
A1: pdb_id | B1: tier | C1: quality | D1: af3 | E1: afmultimer | F1: boltz | G1: chai | H1: protenix
A2: 2HD4 | B2: 1 | C2: ok | D2: =IFERROR(INDEX('DockQ Results'!$G$2:$G$10,MATCH(D$1&"|"&$A2,'DockQ Results'!$U$2:$U$10,0)),"-") | E2: =IFERROR(INDEX('DockQ Results'!$G$2:$G$10,MATCH(E$1&"|"&$A2,'DockQ Results'!$U$2:$U$10,0)),"-") | F2: =IFERROR(INDEX('DockQ Results'!$G$2:$G$10,MATCH(F$1&"|"&$A2,'DockQ Results'!$U$2:$U$10,0)),"-") | G2: =IFERROR(INDEX('DockQ Results'!$G$2:$G$10,MATCH(G$1&"|"&$A2,'DockQ Results'!$U$2:$U$10,0)),"-") | H2: =IFERROR(INDEX('DockQ Results'!$G$2:$G$10,MATCH(H$1&"|"&$A2,'DockQ Results'!$U$2:$U$10,0)),"-")
A3: 4E81 | B3: 1 | C3: ok | D3: =IFERROR(INDEX('DockQ Results'!$G$2:$G$10,MATCH(D$1&"|"&$A3,'DockQ Results'!$U$2:$U$10,0)),"-") | E3: =IFERROR(INDEX('DockQ Results'!$G$2:$G$10,MATCH(E$1&"|"&$A3,'DockQ Results'!$U$2:$U$10,0)),"-") | F3: =IFERROR(INDEX('DockQ Results'!$G$2:$G$10,MATCH(F$1&"|"&$A3,'DockQ Results'!$U$2:$U$10,0)),"-") | G3: =IFERROR(INDEX('DockQ Results'!$G$2:$G$10,MATCH(G$1&"|"&$A3,'DockQ Results'!$U$2:$U$10,0)),"-") | H3: =IFERROR(INDEX('DockQ Results'!$G$2:$G$10,MATCH(H$1&"|"&$A3,'DockQ Results'!$U$2:$U$10,0)),"-")
A4: 4EZQ | B4: 1 | C4: caution | D4: =IFERROR(INDEX('DockQ Results'!$G$2:$G$10,MATCH(D$1&"|"&$A4,'DockQ Results'!$U$2:$U$10,0)),"-") | E4: =IFERROR(INDEX('DockQ Results'!$G$2:$G$10,MATCH(E$1&"|"&$A4,'DockQ Results'!$U$2:$U$10,0)),"-") | F4: =IFERROR(INDEX('DockQ Results'!$G$2:$G$10,MATCH(F$1&"|"&$A4,'DockQ Results'!$U$2:$U$10,0)),"-") | G4: =IFERROR(INDEX('DockQ Results'!$G$2:$G$10,MATCH(G$1&"|"&$A4,'DockQ Results'!$U$2:$U$10,0)),"-") | H4: =IFERROR(INDEX('DockQ Results'!$G$2:$G$10,MATCH(H$1&"|"&$A4,'DockQ Results'!$U$2:$U$10,0)),"-")
A5: 4EZR | B5: 1 | C5: ok | D5: =IFERROR(INDEX('DockQ Results'!$G$2:$G$10,MATCH(D$1&"|"&$A5,'DockQ Results'!$U$2:$U$10,0)),"-") | E5: =IFERROR(INDEX('DockQ Results'!$G$2:$G$10,MATCH(E$1&"|"&$A5,'DockQ Results'!$U$2:$U$10,0)),"-") | F5: =IFERROR(INDEX('DockQ Results'!$G$2:$G$10,MATCH(F$1&"|"&$A5,'DockQ Results'!$U$2:$U$10,0)),"-") | G5: =IFERROR(INDEX('DockQ Results'!$G$2:$G$10,MATCH(G$1&"|"&$A5,'DockQ Results'!$U$2:$U$10,0)),"-") | H5: =IFERROR(INDEX('DockQ Results'!$G$2:$G$10,MATCH(H$1&"|"&$A5,'DockQ Results'!$U$2:$U$10,0)),"-")
A6: 4EZS | B6: 1 | C6: ok | D6: =IFERROR(INDEX('DockQ Results'!$G$2:$G$10,MATCH(D$1&"|"&$A6,'DockQ Results'!$U$2:$U$10,0)),"-") | E6: =IFERROR(INDEX('DockQ Results'!$G$2:$G$10,MATCH(E$1&"|"&$A6,'DockQ Results'!$U$2:$U$10,0)),"-") | F6: =IFERROR(INDEX('DockQ Results'!$G$2:$G$10,MATCH(F$1&"|"&$A6,'DockQ Results'!$U$2:$U$10,0)),"-") | G6: =IFERROR(INDEX('DockQ Results'!$G$2:$G$10,MATCH(G$1&"|"&$A6,'DockQ Results'!$U$2:$U$10,0)),"-") | H6: =IFERROR(INDEX('DockQ Results'!$G$2:$G$10,MATCH(H$1&"|"&$A6,'DockQ Results'!$U$2:$U$10,0)),"-")
A7: 4N6P | B7: 1 | C7: ok | D7: =IFERROR(INDEX('DockQ Results'!$G$2:$G$10,MATCH(D$1&"|"&$A7,'DockQ Results'!$U$2:$U$10,0)),"-") | E7: =IFERROR(INDEX('DockQ Results'!$G$2:$G$10,MATCH(E$1&"|"&$A7,'DockQ Results'!$U$2:$U$10,0)),"-") | F7: =IFERROR(INDEX('DockQ Results'!$G$2:$G$10,MATCH(F$1&"|"&$A7,'DockQ Results'!$U$2:$U$10,0)),"-") | G7: =IFERROR(INDEX('DockQ Results'!$G$2:$G$10,MATCH(G$1&"|"&$A7,'DockQ Results'!$U$2:$U$10,0)),"-") | H7: =IFERROR(INDEX('DockQ Results'!$G$2:$G$10,MATCH(H$1&"|"&$A7,'DockQ Results'!$U$2:$U$10,0)),"-")
A8: 6HY2 | B8: 1 | C8: ok | D8: =IFERROR(INDEX('DockQ Results'!$G$2:$G$10,MATCH(D$1&"|"&$A8,'DockQ Results'!$U$2:$U$10,0)),"-") | E8: =IFERROR(INDEX('DockQ Results'!$G$2:$G$10,MATCH(E$1&"|"&$A8,'DockQ Results'!$U$2:$U$10,0)),"-") | F8: =IFERROR(INDEX('DockQ Results'!$G$2:$G$10,MATCH(F$1&"|"&$A8,'DockQ Results'!$U$2:$U$10,0)),"-") | G8: =IFERROR(INDEX('DockQ Results'!$G$2:$G$10,MATCH(G$1&"|"&$A8,'DockQ Results'!$U$2:$U$10,0)),"-") | H8: =IFERROR(INDEX('DockQ Results'!$G$2:$G$10,MATCH(H$1&"|"&$A8,'DockQ Results'!$U$2:$U$10,0)),"-")
A9: 3QRX | B9: 2 | C9: caution | D9: =IFERROR(INDEX('DockQ Results'!$G$2:$G$10,MATCH(D$1&"|"&$A9,'DockQ Results'!$U$2:$U$10,0)),"-") | E9: =IFERROR(INDEX('DockQ Results'!$G$2:$G$10,MATCH(E$1&"|"&$A9,'DockQ Results'!$U$2:$U$10,0)),"-") | F9: =IFERROR(INDEX('DockQ Results'!$G$2:$G$10,MATCH(F$1&"|"&$A9,'DockQ Results'!$U$2:$U$10,0)),"-") | G9: =IFERROR(INDEX('DockQ Results'!$G$2:$G$10,MATCH(G$1&"|"&$A9,'DockQ Results'!$U$2:$U$10,0)),"-") | H9: =IFERROR(INDEX('DockQ Results'!$G$2:$G$10,MATCH(H$1&"|"&$A9,'DockQ Results'!$U$2:$U$10,0)),"-")
A10: 4EZO | B10: 2 | C10: caution | D10: =IFERROR(INDEX('DockQ Results'!$G$2:$G$10,MATCH(D$1&"|"&$A10,'DockQ Results'!$U$2:$U$10,0)),"-") | E10: =IFERROR(INDEX('DockQ Results'!$G$2:$G$10,MATCH(E$1&"|"&$A10,'DockQ Results'!$U$2:$U$10,0)),"-") | F10: =IFERROR(INDEX('DockQ Results'!$G$2:$G$10,MATCH(F$1&"|"&$A10,'DockQ Results'!$U$2:$U$10,0)),"-") | G10: =IFERROR(INDEX('DockQ Results'!$G$2:$G$10,MATCH(G$1&"|"&$A10,'DockQ Results'!$U$2:$U$10,0)),"-") | H10: =IFERROR(INDEX('DockQ Results'!$G$2:$G$10,MATCH(H$1&"|"&$A10,'DockQ Results'!$U$2:$U$10,0)),"-")
A11: 4EZU | B11: 2 | C11: ok | D11: =IFERROR(INDEX('DockQ Results'!$G$2:$G$10,MATCH(D$1&"|"&$A11,'DockQ Results'!$U$2:$U$10,0)),"-") | E11: =IFERROR(INDEX('DockQ Results'!$G$2:$G$10,MATCH(E$1&"|"&$A11,'DockQ Results'!$U$2:$U$10,0)),"-") | F11: =IFERROR(INDEX('DockQ Results'!$G$2:$G$10,MATCH(F$1&"|"&$A11,'DockQ Results'!$U$2:$U$10,0)),"-") | G11: =IFERROR(INDEX('DockQ Results'!$G$2:$G$10,MATCH(G$1&"|"&$A11,'DockQ Results'!$U$2:$U$10,0)),"-") | H11: =IFERROR(INDEX('DockQ Results'!$G$2:$G$10,MATCH(H$1&"|"&$A11,'DockQ Results'!$U$2:$U$10,0)),"-")
A12: 6Z2P | B12: 2 | C12: caution | D12: =IFERROR(INDEX('DockQ Results'!$G$2:$G$10,MATCH(D$1&"|"&$A12,'DockQ Results'!$U$2:$U$10,0)),"-") | E12: =IFERROR(INDEX('DockQ Results'!$G$2:$G$10,MATCH(E$1&"|"&$A12,'DockQ Results'!$U$2:$U$10,0)),"-") | F12: =IFERROR(INDEX('DockQ Results'!$G$2:$G$10,MATCH(F$1&"|"&$A12,'DockQ Results'!$U$2:$U$10,0)),"-") | G12: =IFERROR(INDEX('DockQ Results'!$G$2:$G$10,MATCH(G$1&"|"&$A12,'DockQ Results'!$U$2:$U$10,0)),"-") | H12: =IFERROR(INDEX('DockQ Results'!$G$2:$G$10,MATCH(H$1&"|"&$A12,'DockQ Results'!$U$2:$U$10,0)),"-")
A13: 7SAY | B13: 2 | C13: ok | D13: =IFERROR(INDEX('DockQ Results'!$G$2:$G$10,MATCH(D$1&"|"&$A13,'DockQ Results'!$U$2:$U$10,0)),"-") | E13: =IFERROR(INDEX('DockQ Results'!$G$2:$G$10,MATCH(E$1&"|"&$A13,'DockQ Results'!$U$2:$U$10,0)),"-") | F13: =IFERROR(INDEX('DockQ Results'!$G$2:$G$10,MATCH(F$1&"|"&$A13,'DockQ Results'!$U$2:$U$10,0)),"-") | G13: =IFERROR(INDEX('DockQ Results'!$G$2:$G$10,MATCH(G$1&"|"&$A13,'DockQ Results'!$U$2:$U$10,0)),"-") | H13: =IFERROR(INDEX('DockQ Results'!$G$2:$G$10,MATCH(H$1&"|"&$A13,'DockQ Results'!$U$2:$U$10,0)),"-")
... A17: 8GAL | B17: 3 | C17: ok | D17: =IFERROR(INDEX('DockQ Results'!$G$2:$G$10,MATCH(D$1&"|"&$A17,'DockQ Results'!$U$2:$U$10,0)),"-") | E17: =IFERROR(INDEX('DockQ Results'!$G$2:$G$10,MATCH(E$1&"|"&$A17,'DockQ Results'!$U$2:$U$10,0)),"-") | F17: =IFERROR(INDEX('DockQ Results'!$G$2:$G$10,MATCH(F$1&"|"&$A17,'DockQ Results'!$U$2:$U$10,0)),"-") | G17: =IFERROR(INDEX('DockQ Results'!$G$2:$G$10,MATCH(G$1&"|"&$A17,'DockQ Results'!$U$2:$U$10,0)),"-") | H17: =IFERROR(INDEX('DockQ Results'!$G$2:$G$10,MATCH(H$1&"|"&$A17,'DockQ Results'!$U$2:$U$10,0)),"-")

Sheet Discovery Candidates
A1: pdb_id | B1: matched_query | C1: receptor_len | D1: peptide_len_seqres | E1: resolved_frac | F1: pep_nonstd | G1: receptor_chain | H1: peptide_chain | I1: verdict | J1: resolved_pep_len | K1: decision | L1: decision_reason
A2: 4EZR | B2: antimicrobial peptide;drosocin | C2: 219 | D2: 8 | E2: 1.0 | G2: A | H2: B | I2: ok | J2: 8 | K2: ADDED | L2: confirmed relevant, non-redundant AMP complex
A3: 3OSZ | B3: antimicrobial peptide | C3: 279 | D3: 10 | E3: 1.0 | G3: A | H3: B | I3: ok | J3: 10 | K3: NOT ADDED (not AMP-relevant) | L3: Proteinase K + generic substrate peptide, not identified as an AMP
A4: 5VB9 | B4: antimicrobial peptide | C4: 119 | D4: 15 | E4: 1.0 | G4: A | H4: C | I4: ok | J4: 15 | K4: NOT ADDED (not AMP-relevant) | L4: Interleukin-17A + inhibitor peptide -- immune signalling, not antimicrobial
A5: 8QFZ | B5: antimicrobial peptide | C5: 128 | D5: 12 | E5: 1.0 | G5: A | H5: B | I5: ok | J5: 12 | K5: NOT ADDED (not AMP-relevant) | L5: TSLP antagonist, macrocyclic/disulfide peptide -- immune signalling, wrong topology
A6: 2HD4 | B6: antimicrobial peptide | C6: 279 | D6: 8 | E6: 1.0 | G6: A | H6: B | I6: ok | J6: 8 | K6: ADDED | L6: confirmed relevant, non-redundant AMP complex
A7: 7W0Q | B7: host defense peptide | C7: 174 | D7: 10 | E7: 1.0 | G7: A | H7: B | I7: ok | J7: 10 | K7: NOT ADDED (not AMP-relevant) | L7: E3 ligase TRIM7 + generic peptide -- not antimicrobial
A8: 8T5P | B8: host defense peptide | C8: 192 | D8: 5 | E8: 1.0 | G8: A | H8: G | I8: ok | J8: 5 | K8: NOT ADDED (not AMP-relevant) | L8: TRAF3 + viral ORF3a fragment -- antiviral immune signalling, not an AMP
A9: 6R7W | B9: cathelicidin;LL-37 | C9: 277 | D9: 14 | E9: 1.0 | G9: A | H9: B | I9: ok | J9: 14 | K9: NOT ADDED (not AMP-relevant) | L9: bacterial protease Mirolysin + generic lipoprotein fragment
A10: 8GAK | B10: thanatin | C10: 132 | D10: 20 | E10: 1.0 | G10: A | H10: B | I10: ok | J10: 20 | K10: NOT ADDED (redundant) | L10: same LptA+Thanatin complex as existing target 8GAL
A11: 2XS3 | B11: LL-37 | C11: 166 | D11: 4 | E11: 1.0 | G11: A | H11: C | I11: ok | J11: 4 | K11: NOT ADDED (not AMP-relevant) | L11: bacterial protease Karilysin + generic tetrapeptide substrate
A12: 4N6P | B12: lactoferricin | C12: 341 | D12: 6 | E12: 1.0 | G12: A | H12: B | I12: ok | J12: 6 | K12: ADDED | L12: confirmed relevant, non-redundant AMP complex
A13: 3U72 | B13: lactoferricin | C13: 335 | D13: 6 | E13: 1.0 | G13: A | H13: B | I13: ok | J13: 6 | K13: NOT ADDED (redundant) | L13: same Lactotransferrin self-complex as added target 4N6P (15-way duplicate cluster)
... A53: 1PPG | B53: antimicrobial peptide | C53: 218 | D53: 6 | E53: 0.5 | G53: E | H53: I | I53: caution: partial peptide | J53: 3 | K53: NOT ADDED (redundant) | L53: same elastase+inhibitor complex as 1HNE
A54: 2EAX | B54: antimicrobial peptide | C54: 164 | D54: 5 | E54: 1.0 | F54: DAL;FGA | G54: A | H54: L | I54: drop: non-standard/D peptide residues | J54: 5 | K54: NOT ADDED | L54: failed the resolved-fraction / D-residue screen (see verdict)
A55: 6Q87 | B55: antimicrobial peptide | C55: 114 | D55: 13 | E55: 1.0 | F55: DAL;DLE;DLY;DTY | G55: A | H55: B | I55: drop: non-standard/D peptide residues | J55: 13 | K55: NOT ADDED | L55: failed the resolved-fraction / D-residue screen (see verdict)
A56: 7NEW | B56: antimicrobial peptide | C56: 115 | D56: 12 | E56: 0.92 | F56: DLE | G56: A | H56: E | I56: drop: non-standard/D peptide residues | J56: 11 | K56: NOT ADDED | L56: failed the resolved-fraction / D-residue screen (see verdict)
A57: 8ANR | B57: antimicrobial peptide | C57: 114 | D57: 12 | E57: 0.92 | F57: DLE;DLY | G57: A | H57: C | I57: drop: non-standard/D peptide residues | J57: 11 | K57: NOT ADDED | L57: failed the resolved-fraction / D-residue screen (see verdict)
A58: 8AOO | B58: antimicrobial peptide | C58: 114 | D58: 12 | E58: 0.92 | F58: DLE;DLY | G58: A | H58: E | I58: drop: non-standard/D peptide residues | J58: 11 | K58: NOT ADDED | L58: failed the resolved-fraction / D-residue screen (see verdict)
A59: 8AN9 | B59: antimicrobial peptide | C59: 114 | D59: 12 | E59: 0.92 | F59: DLE;DLY | G59: A | H59: E | I59: drop: non-standard/D peptide residues | J59: 11 | K59: NOT ADDED | L59: failed the resolved-fraction / D-residue screen (see verdict)
A60: 8ANO | B60: antimicrobial peptide | C60: 114 | D60: 12 | E60: 0.92 | F60: DLE;DLY | G60: A | H60: E | I60: drop: non-standard/D peptide residues | J60: 11 | K60: NOT ADDED | L60: failed the resolved-fraction / D-residue screen (see verdict)
A61: 3VVS | B61: antimicrobial peptide | C61: 461 | D61: 11 | E61: 0.91 | F61: DPN | G61: A | H61: B | I61: drop: non-standard/D peptide residues | J61: 10 | K61: NOT ADDED | L61: failed the resolved-fraction / D-residue screen (see verdict)
A62: 6Y0U | B62: antimicrobial peptide | C62: 115 | D62: 14 | E62: 0.86 | F62: DLY | G62: A | H62: E | I62: drop: non-standard/D peptide residues | J62: 12 | K62: NOT ADDED | L62: failed the resolved-fraction / D-residue screen (see verdict)
A63: 3DPO | B63: pyrrhocoricin | C63: 219 | D63: 11 | E63: 0.82 | F63: ALC | G63: A | H63: C | I63: drop: non-standard/D peptide residues | J63: 9 | K63: NOT ADDED | L63: failed the resolved-fraction / D-residue screen (see verdict)
A64: 4HY9 | B64: pyrrhocoricin | C64: 219 | D64: 12 | E64: 0.75 | F64: ALC | G64: A | H64: C | I64: drop: non-standard/D peptide residues | J64: 9 | K64: NOT ADDED | L64: failed the resolved-fraction / D-residue screen (see verdict)
A65: 6Q8D | B65: antimicrobial peptide | C65: 114 | D65: 11 | E65: 0.73 | F65: DAL;DLE;DLY | G65: A | H65: B | I65: drop: non-standard/D peptide residues | J65: 8 | K65: NOT ADDED | L65: failed the resolved-fraction / D-residue screen (see verdict)
... A70: 6Y0V | B70: antimicrobial peptide | C70: 114 | D70: 14 | E70: 0.5 | F70: DLY | G70: A | H70: E | I70: drop: non-standard/D peptide residues | J70: 7 | K70: NOT ADDED | L70: failed the resolved-fraction / D-residue screen (see verdict)
A71: 6B0U | B71: host defense peptide | C71: 428 | D71: 9 | E71: 0.44 | G71: A | H71: D | I71: drop: peptide mostly disordered | J71: 4 | K71: NOT ADDED | L71: failed the resolved-fraction / D-residue screen (see verdict)
A72: 6M7Y | B72: nisin | C72: 996 | D72: 34 | E72: 0.44 | G72: A | H72: C | I72: drop: peptide mostly disordered | J72: 15 | K72: NOT ADDED | L72: failed the resolved-fraction / D-residue screen (see verdict)
A73: 8A8X | B73: host defense peptide | C73: 179 | D73: 7 | E73: 0.43 | G73: A | H73: B | I73: drop: peptide mostly disordered | J73: 3 | K73: NOT ADDED | L73: failed the resolved-fraction / D-residue screen (see verdict)
A74: 3RIG | B74: defensin | C74: 273 | D74: 12 | E74: 0.42 | G74: A | H74: C | I74: drop: peptide mostly disordered | J74: 5 | K74: NOT ADDED | L74: failed the resolved-fraction / D-residue screen (see verdict)
A75: 4EZN | B75: pyrrhocoricin | C75: 219 | D75: 20 | E75: 0.3 | G75: A | H75: C | I75: drop: peptide mostly disordered | J75: 6 | K75: NOT ADDED | L75: failed the resolved-fraction / D-residue screen (see verdict)
A76: 6S5P | B76: antimicrobial peptide | C76: 115 | D76: 7 | E76: 0.14 | G76: A | H76: E | I76: drop: peptide mostly disordered | J76: 1 | K76: NOT ADDED | L76: failed the resolved-fraction / D-residue screen (see verdict)
A77: 2X3T | B77: antimicrobial peptide | C77: 171 | D77: 9 | E77: 0.0 | G77: A | H77: E | I77: drop: peptide mostly disordered | J77: 0 | K77: NOT ADDED | L77: failed the resolved-fraction / D-residue screen (see verdict)
A78: 4WVP | B78: antimicrobial peptide | C78: 218 | D78: 6 | E78: 0.0 | G78: E | H78: I | I78: drop: peptide mostly disordered | J78: 0 | K78: NOT ADDED | L78: failed the resolved-fraction / D-residue screen (see verdict)
